{"cameraMode":{"drawMode":0,"name":"Shaded","section":"Shading Mode"},"sceneLighting":true,"audioPlay":false,"sceneViewState":{"showFog":true,"showMaterialUpdate":false,"showSkybox":true,"showFlares":true,"showImageEffects":true,"showParticleSystems":true},"in2DMode":false,"pivot":{"x":-0.7542441487312317,"y":1.5195844173431397,"z":-4.749501705169678},"rotation":{"x":-0.1921333372592926,"y":-0.0685376450419426,"z":0.013471915386617184,"w":-0.978914737701416},"size":0.4974074959754944,"orthographic":false}